Mollie Thorne,11,not met,51,not transferring
Eleasha Cervantes,9,not met,15,not transferring
Fenton Leon,10,not met,25,not transferring
Harry Cantrell,11,not met,50,not transferring
Taylor Gallegos,10,not met,36,not transferring
Saxon Neale,9,not met,18,transferring
Tudor Merritt,9,not met,20,not transferring
Kate Cline,10,not met,24,not transferring
Nafisa Traynor,9,not met,16,not transferring
Aoife Gould,11,not met,49,not transferring
Nick Delaney,9,not met,14,not transferring
Daniyal Burks,9,not met,20,not transferring
Ava Tyler,12,met,54,not transferring
Alima Wharton,12,met,64,not transferring
Lucille Dawson,12,met,61,not transferring
Arran Burn,9,not met,25,not transferring
Luisa Hewitt,11,not met,37,not transferring
Sanaa Swanson,12,met,56,not transferring
Mylah Duncan,11,not met,47,not transferring
Raymond Miller,10,not met,29,not transferring
Milan Blankenship,10,not met,36,not transferring
Deen O'Neill,12,met,56,not transferring
Hadiya Espinosa,9,not met,14,not transferring
Haya Kendall,12,met,50,not transferring
Kimora Huber,11,not met,38,transferring
Avleen May,9,not met,24,not transferring
Olivia-Mae Pearson,11,not met,50,not transferring
Jaylen Sparrow,10,not met,34,not transferring
Lilly-Ann Mccormick,11,not met,47,not transferring
Macie Ewing,10,not met,28,transferring
Courteney Reese,10,not met,38,transferring
Will Burton,11,not met,48,not transferring
Caolan Irvine,9,not met,25,not transferring
Perry Cairns,12,met,55,not transferring
Clinton Hills,10,not met,24,not transferring
Hania Finnegan,9,not met,24,not transferring
Oriana Li,9,not met,20,not transferring
Tariq Krause,10,not met,36,not transferring
Leyla Begum,9,not met,15,not transferring
Roisin Carroll,9,not met,25,not transferring
Milton Young,11,not met,37,not transferring
Rhiann Meyers,10,not met,36,not transferring
Monika Timms,12,met,54,not transferring
Samia Jackson,12,met,56,not transferring
Nansi Peck,11,not met,51,not transferring
Jaime Payne,9,not met,15,not transferring
Ela Carver,10,not met,30,not transferring
Selin Wise,10,not met,29,not transferring
Ayaz Guevara,11,not met,51,not transferring
Eliana Tait,9,not met,14,not transferring
Emily-Jane Sweeney,9,not met,14,not transferring
Faiza Simmons,10,not met,33,not transferring
Mahir Holmes,11,not met,37,not transferring
Izaac Cornish,9,not met,16,not transferring
Kade Prosser,11,not met,48,not transferring
Catherine Roach,12,met,50,not transferring
Allana Owen,11,not met,42,not transferring
Fearne Alexander,12,met,61,not transferring
Crystal Hopkins,11,not met,42,not transferring
Shahzaib Downes,11,not met,47,not transferring
Tomi Rogers,11,not met,46,not transferring
Humaira Rooney,11,not met,37,not transferring
Beatriz Hamer,10,not met,32,transferring
Suzannah Mcdonald,10,not met,33,not transferring
Zayne Deleon,10,not met,36,not transferring
Chanelle Senior,9,not met,25,not transferring
Manpreet Gibbs,11,not met,51,not transferring
Latisha Rivera,11,not met,51,not transferring
Devonte Gibson,9,not met,18,not transferring
Steven Maguire,10,not met,34,not transferring
Jemima Casey,11,not met,38,not transferring
Emile Drew,10,not met,38,not transferring
Nafeesa Nichols,10,not met,37,not transferring
Safaa Mahoney,11,not met,48,not transferring
Stanley Donnelly,12,met,58,not transferring
Danyl Easton,9,not met,17,not transferring
Malachi Stephens,11,not met,37,not transferring
Eisa Gross,11,not met,41,not transferring
Ruby-Rose Baker,10,not met,36,not transferring
Dillon Beasley,11,not met,44,not transferring
Cian Forster,11,not met,47,not transferring
Sylvia Gay,11,not met,45,not transferring
Arianne Wilder,9,not met,24,not transferring
Liliana Barrow,11,not met,42,not transferring
Kimberly Beil,11,not met,43,not transferring
Hira Kay,9,not met,23,not transferring
Rikesh Lacey,10,not met,27,transferring
Celine Hunt,10,not met,24,not transferring
Theodora Philip,12,met,58,not transferring
Dawson Russo,12,met,62,not transferring
Nadine Marks,11,not met,40,not transferring
Cathy Shepard,10,not met,29,not transferring
Scarlett Penn,9,not met,13,not transferring
Bronwen Knights,9,not met,18,not transferring
Adela Smart,9,not met,13,not transferring
Emilia Morris,12,met,56,not transferring
Anabia Wu,11,not met,41,not transferring
Natalya Stevens,9,not met,17,not transferring
Jacqueline Healy,11,not met,49,not transferring
Ezekiel Rivas,9,not met,17,not transferring
Hayley Mcdonald,11,not met,45,not transferring
Tasmin Prosser,9,not met,22,not transferring
Ciaran Lott,11,not met,47,not transferring
Ayrton Huber,10,not met,32,not transferring
Arwa Summers,11,not met,41,not transferring
Aaliyah Howells,11,not met,47,not transferring
Nazim Vo,9,not met,13,not transferring
Milo Adam,10,not met,28,not transferring
Matthew Simons,10,not met,34,not transferring
Zakk Harrison,11,not met,41,not transferring
Donna Frost,11,not met,37,transferring
Caio Morley,12,not met,55,not transferring
Taha Rich,12,met,53,not transferring
Beau Landry,9,not met,21,not transferring
Alex Robin,10,not met,26,not transferring
Portia Hardy,9,not met,22,not transferring
Renae Gilmour,10,not met,36,not transferring
Misty Bright,10,not met,31,not transferring
Herman Herrera,11,not met,48,not transferring
Cobie Barclay,9,not met,15,not transferring
Tabatha Guevara,10,not met,24,not transferring
Bert Wolfe,11,not met,47,not transferring
Blanche Dawe,11,not met,37,not transferring
Klaudia Rush,10,not met,31,transferring
Karen Mcneill,12,met,60,not transferring
Bertram Bellamy,11,not met,39,not transferring
Jameson Callahan,11,not met,41,transferring
Ameer Haley,12,met,61,not transferring
Kealan Amos,11,not met,43,not transferring
Iestyn Strong,11,not met,43,not transferring
Elis Singh,9,not met,21,not transferring
Rosina Bowman,12,met,50,not transferring
Devon Aldred,12,met,60,not transferring
Clay Mccray,9,not met,12,not transferring
Muhammad Kelly,11,not met,48,transferring
Joyce Mustafa,12,met,56,not transferring
Lexi-Mae Cooke,12,met,58,not transferring
Eryk Patel,10,not met,37,not transferring
Woody Chambers,10,not met,24,not transferring
Avery Kent,11,not met,47,not transferring
Shayan Wilde,10,not met,35,not transferring
Hayleigh Dunne,12,met,55,not transferring
Dione Richmond,12,met,53,not transferring
Kajol Herbert,11,not met,38,not transferring
Aeryn Roberson,11,not met,43,not transferring
Rose Albert,9,not met,20,not transferring
Aariz Oconnell,11,not met,49,not transferring
Adrian Park,9,not met,23,not transferring
Azeem Whitehead,10,not met,25,not transferring
Zane Underwood,9,not met,22,not transferring
Khloe Cuevas,9,not met,11,not transferring
Kaylan Hancock,12,met,51,not transferring
Sanya Ferrell,11,not met,41,not transferring
Lennox Hills,12,met,63,not transferring
Maeve Bevan,10,not met,29,not transferring
John-James Hartley,10,not met,38,not transferring
India Caldwell,9,not met,15,not transferring
Amandeep Blackburn,11,not met,47,not transferring
Rayhaan Rodgers,12,met,58,not transferring
Madeeha Kim,10,not met,29,transferring
Nada Dupont,12,met,63,not transferring
Hanna Orozco,9,not met,23,not transferring
Theodore Chapman,10,not met,28,not transferring
Saul Villegas,10,not met,38,not transferring
Lamar Mccarthy,9,not met,14,transferring
Ottilie Foreman,11,not met,44,not transferring
Rhiana Suarez,11,not met,39,not transferring
Mildred Pacheco,12,met,54,not transferring
Zayaan Rangel,11,not met,46,transferring
Britany Hagan,9,not met,25,not transferring
Annalise Southern,12,met,52,not transferring
Parker Pruitt,11,not met,50,not transferring
Sameer Maynard,11,not met,40,not transferring
Evalyn Trevino,9,not met,16,not transferring
Ayman Mills,9,not met,22,not transferring
Ihsan Kemp,9,not met,13,not transferring
Efan Fitzpatrick,12,met,64,not transferring
Shah Mcclure,12,met,59,not transferring
Kareena Harvey,9,not met,14,not transferring
Alena Chung,9,not met,25,not transferring
Malak Cunningham,10,not met,33,not transferring
Harleen Cortes,11,not met,50,not transferring
Maude Bradshaw,9,not met,23,transferring
Bret Tran,10,not met,31,not transferring
Mohamad Rivera,10,not met,24,not transferring
Emily-Rose Fulton,11,not met,41,not transferring
Izaak Quintana,10,not met,31,not transferring
Dayna Rees,12,met,54,not transferring
Shanna Hussain,12,met,50,not transferring
Nicola Mair,11,not met,47,not transferring
Kyal Hill,11,not met,42,not transferring
Krish Walker,10,not met,24,not transferring
Sian Sanchez,12,met,56,not transferring
Dottie Fleming,10,not met,35,not transferring
Mae Fischer,9,not met,22,not transferring
Maliha Klein,11,not met,50,not transferring
Jamie-Lee Corbett,12,met,58,not transferring
Rajan Chadwick,10,not met,28,not transferring
Mikaeel Dodson,9,not met,22,not transferring
Millicent Coombes,12,met,56,not transferring
Montel Macdonald,12,met,60,not transferring
Zayna Klein,11,not met,38,not transferring
Caio Meza,12,met,51,not transferring
Ronaldo Beach,10,not met,34,not transferring
Asma Wills,9,not met,12,not transferring
Philippa Chang,11,not met,40,not transferring
Desiree Kaiser,9,not met,19,not transferring
Dawson Easton,12,not met,54,not transferring
Ellena Santana,11,not met,50,not transferring
Farhaan Carrillo,12,met,57,not transferring
Meg Melton,12,met,54,not transferring
Eshaan Mann,9,not met,15,not transferring
Eric Sherman,12,met,58,not transferring
Ella-Louise Mcfarland,12,met,51,not transferring
Denny Hackett,9,not met,16,not transferring
Kajal Shannon,11,not met,41,not transferring
Paris Aldred,9,not met,21,transferring
Devonte Blankenship,12,met,61,not transferring
Jonas Rosas,10,not met,28,not transferring
Keagan Ford,12,met,56,not transferring
Margie Rivers,9,not met,12,not transferring
Leigh Spencer,11,not met,41,not transferring
Suranne Fenton,12,met,62,not transferring
Connagh Barnett,12,met,61,not transferring
Kaan Watson,10,not met,29,not transferring
Ruth Mackenzie,10,not met,33,not transferring
Ewen Figueroa,10,not met,29,not transferring
Harpreet Lin,10,not met,36,not transferring
Lachlan Shepard,12,met,56,not transferring
Max Garcia,11,not met,45,not transferring
Maia Sutton,9,not met,11,not transferring
Ismaeel Kennedy,11,not met,45,not transferring
Haroon Pike,10,not met,29,not transferring
Emma-Louise Barton,11,not met,38,not transferring
Jana Parks,9,not met,13,not transferring
Khushi Kaye,10,not met,27,not transferring
Kory Huerta,11,not met,47,not transferring
Kean Newman,12,met,62,not transferring
Ivo Lennon,12,met,54,not transferring
Elwood Bryan,11,not met,44,not transferring
Divine Sweeney,9,not met,17,not transferring
Romana Atkins,12,met,63,not transferring
Hayley Hamer,9,not met,14,not transferring
Shona Watt,12,met,50,not transferring
Dafydd Wheeler,9,not met,17,not transferring
Nala Brooks,10,not met,31,not transferring
Enid Frye,10,not met,25,not transferring
Kezia Parsons,9,not met,25,not transferring
Noa Rooney,10,not met,28,not transferring
Tazmin Macgregor,10,not met,37,not transferring
Natalie Mcarthur,9,not met,13,not transferring
Dua Sharples,9,not met,13,not transferring
Ceara Odling,11,not met,45,not transferring
Eden Wiley,11,not met,49,not transferring
Allana Mcknight,9,not met,16,not transferring
Leoni Holt,9,not met,19,not transferring
Layla King,10,not met,25,not transferring
Mared Shaw,12,met,58,not transferring
Benedict Whitehouse,10,not met,31,not transferring
Aeryn Valencia,12,met,55,not transferring
Summer Alvarez,10,not met,38,not transferring
Maude Pratt,11,not met,48,not transferring
Flynn Decker,10,not met,26,not transferring
Reef Gilmour,11,not met,39,not transferring
Keira Randolph,10,not met,35,not transferring
Luciana Manning,12,met,51,not transferring
Geraldine Robbins,10,not met,31,not transferring
Nevaeh Stark,12,met,58,not transferring
Maryam Anthony,10,not met,25,not transferring
Idris Christie,10,not met,26,not transferring
Parker Hicks,10,not met,24,not transferring
Wasim Alston,9,not met,23,not transferring
Arnold Chambers,9,not met,16,not transferring
Aiysha Daniels,11,not met,40,not transferring
Esme-Rose Stout,10,not met,28,not transferring
Landon Valenzuela,10,not met,35,not transferring
Corrina Mellor,9,not met,22,not transferring
Sofija Nash,9,not met,14,not transferring
Ameen Carty,10,not met,38,transferring
Rhianna Hatfield,11,not met,44,not transferring
Gideon Booth,10,not met,25,not transferring
Rocky Galindo,9,not met,16,transferring
Cairo Eaton,11,not met,51,not transferring
Virginia Maddox,11,not met,51,not transferring
Paulina Cross,9,not met,17,not transferring
Zaki Christensen,12,not met,52,not transferring
Kalum Rasmussen,10,not met,34,not transferring
Rohaan Dickens,9,not met,14,not transferring
Reis Walsh,11,not met,49,not transferring
Teo Collins,9,not met,25,not transferring
Fynley Legge,12,met,60,not transferring
Dominic Hilton,11,not met,45,not transferring
Asher Tate,12,met,58,not transferring
Zayd Odom,10,not met,38,not transferring
Dru Cox,12,met,57,not transferring
Stacy Cherry,9,not met,21,not transferring
Tyrone Cisneros,12,met,61,not transferring
Eesha Blundell,9,not met,20,not transferring
Hannah Irwin,12,met,56,not transferring
Bogdan Summers,10,not met,36,not transferring
Bluebell Benitez,9,not met,22,not transferring
Freya Barlow,11,not met,51,not transferring
Zeenat Salgado,10,not met,34,not transferring
Cienna Dowling,9,not met,14,not transferring
Tea Dalton,10,not met,25,not transferring
Harvie English,9,not met,20,not transferring
Igor Emery,9,not met,21,not transferring
Trinity Harper,11,not met,49,not transferring
Reece Charles,9,not met,21,not transferring
Nadir Salt,9,not met,14,not transferring
Katy Li,11,not met,49,not transferring
Molly Dickens,11,not met,47,not transferring
Bayley Horton,11,not met,41,not transferring
Katey Sharples,12,met,53,not transferring
Farhan Kemp,12,not met,64,not transferring
Lachlan Pham,9,not met,23,not transferring
Patrick Erickson,10,not met,30,not transferring
Hailie Morris,12,met,61,not transferring
Antonio Rosario,10,not met,27,not transferring
Julie Steadman,12,met,61,not transferring
Marsha Keith,11,not met,37,transferring
Ema Mccallum,11,not met,50,transferring
Simone Conroy,9,not met,24,transferring
Javan Byrne,12,met,56,not transferring
Jaspal Rubio,9,not met,14,not transferring
Conner Hope,11,not met,45,not transferring
Bentley Beach,9,not met,25,not transferring
Tamara Mccormick,10,not met,28,transferring
Marcus Haigh,10,not met,25,transferring
Hollie Hutton,11,not met,45,not transferring
Zuzanna Bell,11,not met,39,not transferring
Chaya Sheridan,12,met,52,not transferring
Zachary Britton,10,not met,37,transferring
Emile Scott,11,not met,42,not transferring
Gurpreet Findlay,11,not met,42,transferring
Amirah Seymour,11,not met,41,not transferring
Jemma Jeffery,9,not met,18,not transferring
Eddison Carroll,9,not met,13,not transferring
Ariadne Gutierrez,9,not met,18,not transferring
Yousaf Wainwright,9,not met,11,not transferring
Darrell Welsh,9,not met,22,not transferring
Bret Keeling,12,met,50,not transferring
Aneesah Velazquez,11,not met,49,not transferring
Olivia-Rose Cano,9,not met,23,not transferring
Kajetan Nieves,9,not met,11,not transferring
Dane Mcgee,12,met,63,not transferring
Willie Booker,9,not met,21,not transferring
Amelia Hewitt,10,not met,37,not transferring
Alice Dolan,9,not met,24,not transferring
Mahi Schwartz,12,met,53,not transferring
Libbie Spears,11,not met,51,not transferring
Alexandre Callahan,9,not met,22,not transferring
Sultan Colon,10,not met,24,not transferring
Alannah Clarkson,12,met,50,not transferring
Isobel Mckenzie,9,not met,23,not transferring
Hussein Parker,12,not met,61,not transferring
Candice Vo,12,met,58,not transferring
Umair Simmons,11,not met,47,not transferring
Khushi Arias,9,not met,11,not transferring
Shivam Ridley,9,not met,18,not transferring
Adem Markham,9,not met,25,not transferring
Euan Smith,11,not met,37,not transferring
Alysia Pennington,10,not met,29,not transferring
Shaurya Sweet,10,not met,32,not transferring
Ellie-May Holt,12,met,63,not transferring
Rajveer Prosser,10,not met,38,not transferring
Ayda Ibarra,12,met,54,not transferring
Luisa Avila,9,not met,14,not transferring
Estelle Mcknight,10,not met,32,not transferring
Muhammad Mason,9,not met,16,not transferring
Matthew Potts,9,not met,16,not transferring
Augustus Beattie,11,not met,39,not transferring
Cara Sullivan,12,met,63,not transferring
Hamzah Peck,12,met,64,not transferring
Bryson Jacobson,11,not met,40,not transferring
Oakley Allman,10,not met,35,transferring
John-James Bonner,12,met,56,not transferring
Carmen Kirkpatrick,12,met,51,not transferring
Reuben Proctor,10,not met,32,not transferring
Cally Colley,9,not met,17,not transferring
Marlene Irving,11,not met,42,transferring
Fathima Maldonado,10,not met,33,not transferring
Bethany Conley,9,not met,14,not transferring
Shayne Gale,9,not met,21,not transferring
Jonah Farmer,9,not met,21,not transferring
Renzo Guerra,10,not met,26,not transferring
Keon Merritt,12,met,63,not transferring
Talha Humphries,9,not met,14,not transferring
Kallum West,9,not met,25,not transferring
Matilda Lugo,12,met,60,not transferring
Maci Swift,11,not met,43,not transferring
Uma Martin,11,not met,39,not transferring
Mabel Whitley,9,not met,23,not transferring
Soren Hebert,10,not met,27,not transferring
Layla Blaese,11,not met,40,not transferring
Jimmie Briggs,10,not met,30,not transferring
Arda Curran,10,not met,31,not transferring
Walid Greenaway,10,not met,36,not transferring
Orion Hills,10,not met,33,not transferring
Abi Preece,11,not met,44,not transferring
Calista Legge,9,not met,14,not transferring
Maddox Rich,10,not met,28,not transferring
Elize Hancock,10,not met,32,not transferring
Amy Dickinson,9,not met,15,not transferring
Ammara Cantu,10,not met,33,not transferring
Makenzie Mcneill,11,not met,45,not transferring
Marion Bowers,10,not met,33,not transferring
Kendra Williamson,12,met,59,not transferring
Damien Montes,10,not met,35,not transferring
Harvie Villalobos,12,met,58,not transferring
Inaaya O'Ryan,12,met,60,not transferring
Dawn Alvarado,9,not met,12,transferring
Darrell Tang,12,met,55,not transferring
Jean Amos,12,met,56,not transferring
Javier Portillo,12,met,63,not transferring
Orla Prince,12,met,60,not transferring
Harley Humphries,12,met,54,not transferring
Arielle Paul,9,not met,16,not transferring
Kaylen Moran,11,not met,42,not transferring
Lesley Acevedo,12,met,56,not transferring
Lilia Rossi,9,not met,15,not transferring
Riley Heath,12,met,54,not transferring
Emma-Louise Coulson,9,not met,17,not transferring
Shane Abbott,12,met,50,not transferring
Aryan Thornton,11,not met,49,not transferring
Robyn Hammond,11,not met,39,not transferring
Cheryl Clemons,11,not met,39,not transferring
Vinnie Lyon,11,not met,48,not transferring
Mahek Gross,9,not met,16,not transferring
Sharmin Bryant,9,not met,22,not transferring
Shanna Preston,11,not met,49,not transferring
Norman Contreras,10,not met,26,not transferring
Finley Webber,12,met,53,not transferring
Miguel Murphy,12,met,64,not transferring
Nela Nash,12,not met,56,not transferring
Hadi Patrick,10,not met,38,not transferring
Bevan Sheehan,10,not met,24,not transferring
Ferne Mcgrath,9,not met,22,not transferring
Leandro Poole,9,not met,21,not transferring
Miller Davis,9,not met,20,transferring
Esmay Stamp,9,not met,14,not transferring
Madelaine Allison,9,not met,20,not transferring
Garrett Hebert,12,met,64,not transferring
Tre Romero,12,met,51,not transferring
Boris Finley,12,met,59,not transferring
Nur Gill,9,not met,21,not transferring
Rufus Shelton,10,not met,38,not transferring
Eli Battle,11,not met,47,not transferring
Tahmina Molloy,9,not met,15,not transferring
Amarah Weiss,10,not met,31,not transferring
Giuseppe Farley,12,met,61,not transferring
Zackery Higgs,11,not met,50,not transferring
Stephanie Ryder,12,met,63,not transferring
Rhianne Best,10,not met,31,not transferring
Lorelai Bloggs,11,not met,38,not transferring
Nicholas Leal,12,met,54,not transferring
Tayyibah Howell,9,not met,13,not transferring
Darryl Keenan,9,not met,16,not transferring
Hester Baker,11,not met,46,not transferring
Bryson Dudley,9,not met,24,not transferring
Liya Ware,10,not met,24,not transferring
Zeynep Morley,10,not met,25,not transferring
Gerald Dupont,11,not met,39,not transferring
Morwenna Povey,10,not met,35,not transferring
Tyla Frost,12,met,51,not transferring
Chloe-Louise Garner,11,not met,51,not transferring
Zunairah Park,9,not met,14,not transferring
Neel Carroll,11,not met,43,not transferring
Gail Carver,10,not met,31,not transferring
Ed Robson,11,not met,42,not transferring
Seamus Ashley,10,not met,36,not transferring
Doris Dalton,9,not met,16,transferring
Bryan Young,11,not met,38,not transferring
Gianluca Richard,12,met,60,not transferring
Philippa Schaefer,12,met,64,not transferring
Nathanael Rangel,11,not met,41,not transferring
Rebecca Barber,10,not met,24,not transferring
Baxter Reyes,11,not met,48,transferring
Berat Jarvis,12,met,64,not transferring
Saffa Britton,10,not met,37,transferring
Charlton Lindsay,9,not met,12,not transferring
Caden Mcfadden,9,not met,19,not transferring
Shreya Mcgill,10,not met,30,not transferring
Aqsa Peel,10,not met,38,not transferring
Zack Frame,10,not met,35,not transferring
Jim Barr,10,not met,34,not transferring
Alexandria Vo,10,not met,30,not transferring
Michele Horn,10,not met,28,not transferring
Lilly Ramos,12,met,54,not transferring
Aaryan Mathews,11,not met,38,not transferring
Miles Redfern,12,met,64,not transferring
Monique Gibbons,10,not met,31,not transferring
Freya Beaumont,9,not met,17,not transferring
Declan Hansen,12,met,64,not transferring
Isha Craft,9,not met,11,not transferring
Matteo Parkinson,9,not met,16,not transferring
Prisha Chester,9,not met,11,not transferring
Dalia Truong,10,not met,26,not transferring
Kristofer Avery,10,not met,27,not transferring
Ailish Leech,12,met,51,not transferring
Ruby Cullen,10,not met,26,not transferring
Haniya Whelan,10,not met,36,not transferring
Charity Herrera,11,not met,39,not transferring
Christy Forrest,12,met,53,not transferring
Mari Mason,9,not met,11,not transferring
Elysha Orozco,11,not met,39,not transferring
Maximilian Fuller,12,met,63,not transferring
Trevor Byrd,10,not met,30,not transferring
Konrad Hackett,11,not met,48,not transferring
Khadeeja Moore,9,not met,12,not transferring
Corrina Le,9,not met,22,not transferring
Bethaney Greig,12,met,58,not transferring
Bradlee Blackmore,10,not met,35,not transferring
Dominick Eaton,9,not met,14,not transferring
Paloma Holcomb,12,met,62,not transferring
Josh Wilkes,12,met,58,not transferring
Ahmet Mccann,10,not met,38,not transferring
Esther Wilson,10,not met,35,not transferring
Karol Lee,10,not met,38,not transferring
Jagdeep Burrows,11,not met,40,not transferring
Kyle Tapia,11,not met,49,not transferring
Zachary Tait,10,not met,34,not transferring
Jozef Dolan,12,met,57,not transferring
Lucia Hope,10,not met,35,not transferring
Adeel Holmes,10,not met,31,not transferring
Sana Lynn,9,not met,14,not transferring
Owais Cline,12,met,50,not transferring
Andy Davis,12,met,60,not transferring
Alistair Cherry,10,not met,35,not transferring
Dillon Vasquez,11,not met,42,not transferring
Mairead Collins,11,not met,48,not transferring
Miyah Navarro,9,not met,11,not transferring
Mary Orr,10,not met,26,not transferring
Ines Schwartz,12,met,56,not transferring
Marisa Mohamed,9,not met,22,not transferring
Delores Ventura,9,not met,22,not transferring
Emelia Graves,10,not met,29,not transferring
Bailey Harris,10,not met,31,not transferring
Roma Woodley,9,not met,15,transferring
Faizaan Butler,12,met,61,not transferring
Leena Odling,12,met,56,not transferring
Rudy Parra,12,met,51,not transferring
Viktoria Brady,12,met,53,not transferring
Alberto Ratcliffe,9,not met,19,transferring
Alaw Markham,11,not met,46,not transferring
Oskar Hayes,9,not met,12,not transferring
Ahmad Henry,11,not met,45,transferring
Tyla Marriott,11,not met,51,not transferring
Jazmine Dennis,11,not met,43,not transferring
Christine Melton,11,not met,46,transferring
Hamza Naylor,10,not met,36,not transferring
Elowen Dickinson,10,not met,26,not transferring
Minnie Tillman,12,met,60,not transferring
Meredith Mccallum,10,not met,27,not transferring
Leandro Knights,12,met,63,not transferring
Nojus Moran,11,not met,42,not transferring
Leia Coombes,12,met,59,not transferring
Catriona Esparza,11,not met,50,not transferring
Edward Mckinney,9,not met,20,not transferring
Tania Rooney,9,not met,22,not transferring
Veer Begum,9,not met,11,not transferring
Emmeline Kaufman,10,not met,38,not transferring
Reya Wilkerson,12,met,58,not transferring
Ellen Sanchez,11,not met,47,not transferring
Hollie Sears,9,not met,11,not transferring
Ayisha Brett,9,not met,22,transferring
Adem Sykes,11,not met,39,not transferring
Jamie Foreman,11,not met,51,not transferring
Yolanda Pace,10,not met,30,not transferring
Rianne Hendrix,10,not met,24,not transferring
Elyas Townsend,9,not met,12,not transferring
Lynn Arias,9,not met,24,not transferring
Carson Dunne,10,not met,33,not transferring
Emelie Cleveland,10,not met,37,not transferring
Berat Holland,9,not met,16,not transferring
Grant Klein,12,met,64,not transferring
Sidney Rodriguez,9,not met,20,not transferring
Vinny Rosales,11,not met,48,not transferring
Samina Mann,11,not met,43,not transferring
Usmaan Martinez,9,not met,14,not transferring
Lester Hogan,9,not met,14,not transferring
Ricardo Hardin,9,not met,21,not transferring
Andrei Bowen,11,not met,38,not transferring
Franklyn Valentine,12,not met,60,not transferring
Najma Stevenson,12,met,50,not transferring
Henri Mcloughlin,11,not met,42,not transferring
Malak Hassan,9,not met,19,not transferring
Tallulah Quintana,9,not met,13,not transferring
Huxley Halliday,12,met,59,not transferring
Orlaith Bush,9,not met,15,not transferring
Anastasia Reid,11,not met,39,not transferring
Frazer Bradley,12,met,56,not transferring
Kamron Bell,10,not met,28,not transferring
Lydia Randolph,12,met,58,not transferring
Simrah Laing,12,met,63,not transferring
Esmai Sparrow,10,not met,24,not transferring
Jonathan Leonard,11,not met,47,not transferring
Clare Schroeder,9,not met,12,not transferring
Rylan Young,9,not met,18,not transferring
Lana Bevan,10,not met,28,not transferring
Haroon Forster,12,met,60,not transferring
Mitchel Mcintosh,9,not met,22,not transferring
Joann Bond,9,not met,25,not transferring
Izaan Mcintyre,10,not met,32,not transferring
Roshan Mclean,10,not met,30,not transferring
Albert Bell,9,not met,21,not transferring
Khadeejah Benitez,12,met,53,not transferring
Monika Ball,11,not met,49,not transferring
Aj Moses,9,not met,14,not transferring
Aditi Hackett,11,not met,48,not transferring
Carlie Lu,10,not met,34,not transferring
Keane Alfaro,12,met,61,not transferring
Tyrone Dyer,10,not met,27,not transferring
Eshaan Lyons,11,not met,49,not transferring
Finn Clay,12,met,64,not transferring
Dominick Ruiz,11,not met,47,not transferring
Kathy Whelan,9,not met,18,not transferring
Fredrick Mcneil,9,not met,21,not transferring
Giorgia Holcomb,10,not met,35,not transferring
Isla-Mae Massey,12,not met,50,not transferring
Anisah Begum,11,not met,43,not transferring
Jay-Jay Stout,9,not met,23,not transferring
Saxon Warner,11,not met,43,not transferring
Vihaan Jacobs,11,not met,48,not transferring
Vishal Conrad,12,met,60,not transferring
Nile Koch,10,not met,34,not transferring
Samir Partridge,9,not met,23,not transferring
Grace Andrade,12,met,60,not transferring
Israr Shepard,10,not met,38,not transferring
Leja Milne,11,not met,43,not transferring
Eloise Delaney,11,not met,43,not transferring
Loren Britt,11,not met,41,not transferring
Shanelle Mccann,9,not met,11,not transferring
Buster Green,12,met,55,not transferring
Hamaad Barber,12,met,55,not transferring
Chris Irving,9,not met,23,not transferring
Madeleine Cresswell,11,not met,39,not transferring
Ella-Rose Hanna,9,not met,11,not transferring
Aviana Hassan,9,not met,20,not transferring
Dania Mcgrath,10,not met,25,transferring
Jeanette Mcdonald,11,not met,45,not transferring
Parris Justice,10,not met,25,not transferring
Francis Marks,9,not met,20,not transferring
Lucca Hart,11,not met,37,not transferring
Zaynab Hamer,11,not met,41,not transferring
Nafisa Iles,10,not met,34,not transferring
Thea Shields,10,not met,30,not transferring
Karina Maxwell,10,not met,34,not transferring
Bryn Robson,12,met,58,not transferring
Albi Dunlop,12,met,58,not transferring
Daisie Faulkner,11,not met,41,not transferring
Maxine Colley,9,not met,16,not transferring
Mahnoor Browning,10,not met,25,not transferring
Alys Lord,12,met,50,not transferring
Farrah Rubio,11,not met,45,not transferring
Astrid Wilkins,9,not met,13,not transferring
Omer Nash,11,not met,38,not transferring
Sia Matthews,12,met,53,not transferring
Tommie Osborne,12,met,60,not transferring
Kiya Blaese,10,not met,28,not transferring
Ian Vickers,11,not met,49,not transferring
Conall Elliott,12,met,56,not transferring
Conor Wilder,10,not met,32,not transferring
Wilson Peck,9,not met,15,not transferring
Jibril Huff,9,not met,19,not transferring
Saima Chase,11,not met,37,not transferring
Gracie-Mai Garrett,9,not met,23,not transferring
Cain Rollins,10,not met,28,not transferring
Tyrique Wilkinson,12,met,61,not transferring
Mariyah Cano,9,not met,22,not transferring
Jordanna Buxton,11,not met,42,not transferring
Diya Bowen,11,not met,37,not transferring
Taslima Cisneros,10,not met,35,not transferring
Ariel Osborn,9,not met,21,not transferring
Poppy-Rose Owens,9,not met,13,not transferring
Ariella Tierney,12,met,62,not transferring
Scarlette Singh,9,not met,14,transferring
Tamera Hodge,9,not met,25,not transferring
Aishah Graves,9,not met,13,not transferring
Ryker Petty,12,met,57,not transferring
Luciana Portillo,10,not met,33,not transferring
Keagan Mckinney,12,met,54,not transferring
Shiv Stokes,11,not met,41,not transferring
Derry Frazier,10,not met,36,not transferring
Bernice Britton,11,not met,42,not transferring
Tyrell Pineda,11,not met,45,not transferring
Jasmin Donald,11,not met,42,not transferring
Fionnuala Cartwright,12,met,54,not transferring
Mert Malone,10,not met,36,not transferring
Rhiannan Gallagher,9,not met,12,not transferring
Connar Barnard,9,not met,18,not transferring
Idrees Coleman,11,not met,40,not transferring
Fatema Simmonds,11,not met,45,not transferring
Lana Hooper,10,not met,26,not transferring
Zak Guevara,12,met,50,not transferring
Sheridan Hammond,11,not met,37,not transferring
Marco Southern,10,not met,27,not transferring
Lara Lopez,12,met,58,not transferring
Donte Croft,10,not met,30,not transferring
Lani Arellano,10,not met,34,not transferring
Ines Matthews,10,not met,31,not transferring
Damian Grant,11,not met,47,not transferring
Parris Rosario,12,met,64,not transferring
Kitty Churchill,11,not met,48,not transferring
Avani Finley,9,not met,20,not transferring
Carla Riggs,9,not met,16,not transferring
Johnathon Morris,11,not met,46,not transferring
Saarah Mullen,11,not met,48,not transferring
Maxine Andrew,12,met,53,not transferring
Dan Ellwood,10,not met,26,not transferring
Elvis Soto,10,not met,32,not transferring
Dua Lyon,9,not met,19,transferring
Humera Truong,11,not met,37,not transferring
Shyla Short,11,not met,48,not transferring
Lilian Lynch,11,not met,41,not transferring
Greyson Pemberton,11,not met,37,not transferring
Sabina Harris,9,not met,21,not transferring
Tyrique Leech,11,not met,37,not transferring
Honey Hatfield,10,not met,37,not transferring
Mandeep Arnold,12,met,59,not transferring
Huseyin Farrow,10,not met,34,not transferring
Emelie Davenport,12,met,64,not transferring
Sophia-Rose Petersen,10,not met,35,not transferring
Kishan Mcleod,9,not met,23,not transferring
Charlotte Talley,10,not met,33,not transferring
Gaia Vega,9,not met,21,not transferring
Sabah Glass,10,not met,26,not transferring
Aliesha Morales,12,met,62,not transferring
Katie-Louise Barclay,12,met,50,not transferring
Connie Meyer,10,not met,31,not transferring
Nichola Espinoza,10,not met,35,not transferring
Kaiden Guerra,10,not met,28,not transferring
Kamal Cortez,10,not met,32,not transferring
Alvin Hill,11,not met,50,not transferring
Madeleine Christensen,10,not met,35,not transferring
Dawud Parker,12,met,52,not transferring
Kairon Crossley,10,not met,29,not transferring
Esther Parra,10,not met,24,not transferring
Natasha Osborn,11,not met,49,not transferring
Alina Daly,11,not met,48,not transferring
Kinga Corrigan,10,not met,29,not transferring
Kyran Hogg,12,met,52,not transferring
Nellie Freeman,10,not met,31,not transferring
Darragh Gilbert,9,not met,16,not transferring
Kimora Lindsay,10,not met,30,not transferring
Laura Reyna,11,not met,50,not transferring
Winston Frye,12,met,56,not transferring
Millicent Marsh,11,not met,39,not transferring
Tasnia Hurley,12,met,59,not transferring
Chenai Ball,10,not met,33,not transferring
Maximus Silva,9,not met,15,not transferring
Harlen Grimes,9,not met,20,not transferring
Kaif Gale,12,met,57,not transferring
Erin Booker,10,not met,31,not transferring
Francesca Stephenson,10,not met,27,not transferring
Aanya Emery,11,not met,47,not transferring
Trey Welsh,12,met,63,not transferring
Bryn Cortes,12,met,61,not transferring
Gurleen Kerr,9,not met,16,not transferring
Rida Kaiser,9,not met,25,not transferring
Dominykas Jennings,12,met,61,not transferring
Daisie Preece,12,met,51,not transferring
Ivy Paul,11,not met,47,not transferring
Nicolle Wharton,10,not met,24,not transferring
Ingrid Begum,9,not met,25,not transferring
Imaan Peacock,9,not met,17,not transferring
Kayson Bauer,9,not met,22,not transferring
Junayd Moon,11,not met,37,not transferring
Tehya Browning,9,not met,15,not transferring
Ruairi Healy,12,met,59,not transferring
Zakary Stewart,12,met,64,not transferring
Rehan Mckenzie,11,not met,38,not transferring
Lani Valenzuela,9,not met,24,not transferring
Jaime Jensen,10,not met,38,not transferring
Raife Sims,11,not met,49,not transferring
Sofia Keeling,10,not met,37,not transferring
Fraser Simmonds,9,not met,14,not transferring
Hawwa Davie,11,not met,51,not transferring
Kymani Brookes,12,met,60,not transferring
Mac Barry,11,not met,46,not transferring
Rhiana Conway,9,not met,16,transferring
Claude Kinney,9,not met,11,not transferring
Serena Parkes,11,not met,43,not transferring
Mischa Gonzalez,9,not met,25,not transferring
Aleksandra Gentry,12,met,60,not transferring
Vinnie Bloom,12,met,63,not transferring
Martina Figueroa,12,met,61,not transferring
Hussain Peck,9,not met,18,not transferring
Sulaiman Moses,10,not met,31,not transferring
Jimmy Valdez,12,met,64,not transferring
Lindsey Whitehead,10,not met,26,not transferring
Fatema Weber,11,not met,44,not transferring
Amie Dejesus,10,not met,27,not transferring
Zak Stephens,9,not met,11,not transferring
Rivka Abbott,9,not met,15,not transferring
Ebrahim Mccormack,10,not met,24,not transferring
Viktoria Ibarra,11,not met,40,not transferring
Kaya Keller,12,met,50,not transferring
Michaela Harvey,9,not met,16,not transferring
Elsie Holder,11,not met,49,not transferring
Elen Carey,9,not met,18,transferring
Haiden Pope,9,not met,16,not transferring
Kabir Herman,11,not met,49,not transferring
Rafael Person,10,not met,36,not transferring
Patricia Lowe,9,not met,23,not transferring
Shyla Young,12,met,55,not transferring
Larissa Stafford,11,not met,42,not transferring
Riya Cox,12,met,56,not transferring
Hallie Duke,12,met,54,not transferring
Jean Alfaro,12,met,55,not transferring
Chaya Robin,12,met,64,not transferring
Maison Oneal,9,not met,24,not transferring
Tai Henderson,12,met,63,not transferring
Leandro Cuevas,10,not met,33,not transferring
Simrah Mcarthur,12,met,51,not transferring
Pierre Bannister,11,not met,45,not transferring
Keelan Petersen,12,met,51,not transferring
Avneet Arellano,9,not met,12,not transferring
Selin Wormald,10,not met,36,not transferring
Lexie Devlin,9,not met,21,not transferring
Ethan Mcculloch,11,not met,51,not transferring
Vincenzo Obrien,12,met,58,not transferring
Zoha Santana,11,not met,40,not transferring
Geraint Orozco,11,not met,40,not transferring
Caitlan Ratcliffe,11,not met,40,not transferring
Sadia Rubio,10,not met,33,not transferring
Jonathon Begum,11,not met,45,not transferring
Shabaz Williamson,12,met,50,not transferring
Dalia Dodd,11,not met,40,not transferring
Floyd Hyde,11,not met,39,not transferring
Tyla Rangel,12,met,57,not transferring
Usamah Cleveland,11,not met,47,not transferring
Ignacy Emery,9,not met,14,transferring
Cataleya Dale,12,met,56,not transferring
Lynda Harding,12,met,58,not transferring
Portia Wood,12,met,61,not transferring
Leia Dunkley,10,not met,26,not transferring
Alexia Osborne,12,met,52,not transferring
Reeva Arias,12,met,51,not transferring
Misha Frye,10,not met,31,not transferring
Daniele Irving,11,not met,47,not transferring
Cayson Kerr,9,not met,16,not transferring
Marc Peck,10,not met,29,transferring
Shakir Terrell,10,not met,35,not transferring
Rebekah Reid,10,not met,29,not transferring
Holly Sutherland,11,not met,41,not transferring
Rajan Sykes,11,not met,39,not transferring
Jeremiah Salinas,11,not met,50,transferring
Amanpreet Winter,9,not met,11,not transferring
Lucca Sharp,9,not met,14,not transferring
Lorraine Benson,9,not met,25,not transferring
Anastazja Chaney,9,not met,24,not transferring
Martha Maxwell,10,not met,31,not transferring
Erika Wilson,11,not met,47,not transferring
Dione Petty,9,not met,12,not transferring
Caris Reader,12,met,61,not transferring
Clarissa Nicholls,11,not met,51,not transferring
Kelan Drew,9,not met,23,not transferring
Tabatha Schaefer,12,met,64,not transferring
Mila Gibson,11,not met,50,not transferring
Rumaisa Couch,10,not met,31,not transferring
Sofie Briggs,10,not met,26,not transferring
Nettie Le,9,not met,20,not transferring
Maureen Pearce,10,not met,33,not transferring
Rishi Lowry,12,met,50,not transferring
Agata Bowman,9,not met,14,not transferring
Arun Ratliff,12,met,56,not transferring
Najma Logan,11,not met,48,not transferring
Zoey Parkinson,11,not met,43,not transferring
Darcey Burt,10,not met,35,not transferring
Tobey Morton,9,not met,20,not transferring
Aaminah Sanderson,12,met,57,not transferring
Marianne Trujillo,10,not met,28,not transferring
Zephaniah Barker,10,not met,29,not transferring
Boyd Walls,10,not met,28,not transferring
Conrad Ashton,11,not met,49,transferring
Anne-Marie Sumner,10,not met,34,not transferring
Kean Draper,10,not met,33,not transferring
Szymon Wall,9,not met,24,not transferring
Poppy Fenton,12,met,58,not transferring
Savannah Churchill,9,not met,16,not transferring
Jonathan Holcomb,12,met,53,not transferring
Tariq Mcfarlane,10,not met,33,not transferring
Margo Murray,11,not met,51,not transferring
Minnie Krause,12,met,53,not transferring
Rhydian Guy,9,not met,18,not transferring
Terri Hough,11,not met,38,not transferring
Reyansh Cotton,11,not met,46,not transferring
Blessing Bryan,12,met,56,not transferring
Kester Levy,11,not met,47,not transferring
Ieuan Reed,12,met,53,not transferring
Dave Read,12,not met,54,not transferring
Billie-Jo Mcfadden,12,met,58,not transferring
Effie Bassett,9,not met,14,not transferring
Jillian Colley,9,not met,18,not transferring
Ayse Rudd,12,met,50,not transferring
Ava Medina,11,not met,37,not transferring
Marlon Christie,11,not met,41,not transferring
Alastair Hodges,10,not met,36,transferring
Kirandeep Bowes,9,not met,11,not transferring
Myles Munoz,11,not met,45,not transferring
Colleen Blackburn,9,not met,25,not transferring
Pharrell Mccarty,9,not met,24,not transferring
Maysa Gillespie,9,not met,18,not transferring
Kiera Barnett,11,not met,40,not transferring
Dillon Simons,12,met,55,not transferring
Lulu Bailey,9,not met,24,not transferring
Frederick Callahan,10,not met,30,not transferring
Lorcan Le,10,not met,38,not transferring
Yousif Regan,9,not met,15,not transferring
Harmony Short,10,not met,33,not transferring
Anwen Brewer,9,not met,20,transferring
Morris Steadman,11,not met,46,not transferring
Lily-Grace Pennington,12,met,58,not transferring
Levison Duggan,12,met,55,not transferring
Arnie Sinclair,9,not met,14,not transferring
Federico Conroy,10,not met,27,not transferring
Abigail Hopper,10,not met,35,not transferring
Jamie Mccarthy,10,not met,31,not transferring
Jawad Pham,11,not met,46,transferring
Rayan Humphreys,10,not met,36,not transferring
Kimora Sykes,11,not met,44,not transferring
Jada Stevenson,9,not met,15,not transferring
Joan Stubbs,11,not met,50,not transferring
Benas Peters,9,not met,20,not transferring
Antoine Rodriquez,10,not met,26,not transferring
Omari Russo,9,not met,15,not transferring
Eshaan Perez,11,not met,39,not transferring
Bret Berger,12,met,64,not transferring
Norma Hudson,12,met,57,not transferring
Gerrard Keenan,9,not met,16,not transferring
Giselle Beck,11,not met,41,not transferring
Ahmed Li,11,not met,44,not transferring
Cherie Austin,11,not met,42,not transferring
Chad Barr,11,not met,48,not transferring
Maxime Zavala,12,met,50,not transferring
Uzma Salas,9,not met,19,not transferring
Tyrique Duran,9,not met,13,not transferring
Caoimhe Sampson,9,not met,15,not transferring
Christy Bradford,10,not met,33,not transferring
Julia Browne,10,not met,33,not transferring
Ishan Bishop,9,not met,23,not transferring
Marcelina Wilcox,10,not met,34,not transferring
Gregory Derrick,12,met,63,not transferring
Woodrow Whiteley,12,met,56,not transferring
Payton Bullock,12,met,55,not transferring
Rio Durham,12,met,60,not transferring
Regan Chavez,9,not met,11,not transferring
Yasser Yates,9,not met,11,not transferring
Abul Lancaster,12,met,64,not transferring
Kaelan Howells,9,not met,20,not transferring
Jem Huffman,9,not met,11,not transferring
Gracie Wilks,12,met,50,not transferring
Kwabena Woods,12,met,60,not transferring
Rhydian Fuller,10,not met,26,not transferring
Nelson Stephenson,12,met,55,not transferring
Tyla Conrad,10,not met,31,not transferring
Colm Cisneros,12,met,57,not transferring
Arianna Roy,10,not met,36,not transferring
Carolina Foley,9,not met,23,not transferring
Iestyn Coombes,10,not met,37,not transferring
Umaima Friedman,11,not met,41,transferring
Hal Thatcher,11,not met,45,not transferring
Alba Battle,9,not met,24,transferring
Aneeka May,10,not met,29,not transferring
Cole Finnegan,11,not met,38,not transferring
Max Nairn,9,not met,14,not transferring
Elowen Eastwood,9,not met,23,not transferring
Eliana Howard,12,met,58,not transferring
Marius Conway,10,not met,31,not transferring
Devan Esparza,9,not met,17,not transferring
Nikhil Mcghee,9,not met,18,not transferring
Ines Pitts,12,met,55,not transferring
Faraz Laing,11,not met,40,not transferring
Hazel Whittle,9,not met,17,not transferring
Harvie Mcintosh,11,not met,43,not transferring
Ptolemy Rush,12,met,59,not transferring
Krzysztof Jimenez,11,not met,50,not transferring
Ruben O'Quinn,11,not met,39,not transferring
Rahul Rosario,9,not met,25,not transferring
Waleed Maynard,11,not met,44,not transferring
Lexi Hanna,10,not met,28,not transferring
Tina Schofield,11,not met,42,not transferring
Madelyn Read,9,not met,16,not transferring
Thomas Tapia,12,met,59,not transferring
Kendra Ortega,10,not met,31,not transferring
Mac Simmons,12,met,51,not transferring
Matteo Petty,9,not met,21,transferring
Kamil Douglas,12,met,63,not transferring
Hadassah Dyer,10,not met,35,not transferring
Ella-Louise Cleveland,11,not met,45,not transferring
Katherine Terry,10,not met,35,not transferring
Neo Warner,12,met,55,not transferring
Beatrix Mcconnell,11,not met,39,not transferring
Nusaybah Rogers,10,not met,29,not transferring
Caris Sherman,9,not met,19,not transferring
Gideon Shannon,12,met,59,not transferring
Kendrick Horne,12,met,61,not transferring
Nico Estrada,9,not met,23,not transferring
Kelsi Drew,12,met,59,not transferring
